metric,period,value,classification,source_name,source_url,source_date,as_of_date,transformation,notes
non_interest_revenue,2022,16440.0,PUBLIC_ACTUAL,2024 10-K,https://s26.q4cdn.com/747928648/files/doc_financials/2024/q4/65345cb2-3baf-42fd-ad88-968e29a7264a.pdf,2025-02-14,2025-02-14,Transcribed from USCS selected income statement/statistical tables,USD millions except billed business USD billions and operating ratios/counts
net_interest_income,2022,7474.0,PUBLIC_ACTUAL,2024 10-K,https://s26.q4cdn.com/747928648/files/doc_financials/2024/q4/65345cb2-3baf-42fd-ad88-968e29a7264a.pdf,2025-02-14,2025-02-14,Transcribed from USCS selected income statement/statistical tables,USD millions except billed business USD billions and operating ratios/counts
total_revenue,2022,23914.0,PUBLIC_ACTUAL,2024 10-K,https://s26.q4cdn.com/747928648/files/doc_financials/2024/q4/65345cb2-3baf-42fd-ad88-968e29a7264a.pdf,2025-02-14,2025-02-14,Transcribed from USCS selected income statement/statistical tables,USD millions except billed business USD billions and operating ratios/counts
provision,2022,1021.0,PUBLIC_ACTUAL,2024 10-K,https://s26.q4cdn.com/747928648/files/doc_financials/2024/q4/65345cb2-3baf-42fd-ad88-968e29a7264a.pdf,2025-02-14,2025-02-14,Transcribed from USCS selected income statement/statistical tables,USD millions except billed business USD billions and operating ratios/counts
rewards_services,2022,10791.0,PUBLIC_ACTUAL,2024 10-K,https://s26.q4cdn.com/747928648/files/doc_financials/2024/q4/65345cb2-3baf-42fd-ad88-968e29a7264a.pdf,2025-02-14,2025-02-14,Transcribed from USCS selected income statement/statistical tables,USD millions except billed business USD billions and operating ratios/counts
marketing,2022,2744.0,PUBLIC_ACTUAL,2024 10-K,https://s26.q4cdn.com/747928648/files/doc_financials/2024/q4/65345cb2-3baf-42fd-ad88-968e29a7264a.pdf,2025-02-14,2025-02-14,Transcribed from USCS selected income statement/statistical tables,USD millions except billed business USD billions and operating ratios/counts
salaries_other,2022,3958.0,PUBLIC_ACTUAL,2024 10-K,https://s26.q4cdn.com/747928648/files/doc_financials/2024/q4/65345cb2-3baf-42fd-ad88-968e29a7264a.pdf,2025-02-14,2025-02-14,Transcribed from USCS selected income statement/statistical tables,USD millions except billed business USD billions and operating ratios/counts
total_expenses,2022,17493.0,PUBLIC_ACTUAL,2024 10-K,https://s26.q4cdn.com/747928648/files/doc_financials/2024/q4/65345cb2-3baf-42fd-ad88-968e29a7264a.pdf,2025-02-14,2025-02-14,Transcribed from USCS selected income statement/statistical tables,USD millions except billed business USD billions and operating ratios/counts
pretax_income,2022,5400.0,PUBLIC_ACTUAL,2024 10-K,https://s26.q4cdn.com/747928648/files/doc_financials/2024/q4/65345cb2-3baf-42fd-ad88-968e29a7264a.pdf,2025-02-14,2025-02-14,Transcribed from USCS selected income statement/statistical tables,USD millions except billed business USD billions and operating ratios/counts
billed_business,2022,553.0,PUBLIC_ACTUAL,2024 10-K,https://s26.q4cdn.com/747928648/files/doc_financials/2024/q4/65345cb2-3baf-42fd-ad88-968e29a7264a.pdf,2025-02-14,2025-02-14,Transcribed from USCS selected income statement/statistical tables,USD millions except billed business USD billions and operating ratios/counts
cards_in_force,2022,41.7,PUBLIC_ACTUAL,2024 10-K,https://s26.q4cdn.com/747928648/files/doc_financials/2024/q4/65345cb2-3baf-42fd-ad88-968e29a7264a.pdf,2025-02-14,2025-02-14,Transcribed from USCS selected income statement/statistical tables,USD millions except billed business USD billions and operating ratios/counts
basic_cards,2022,29.2,PUBLIC_ACTUAL,2024 10-K,https://s26.q4cdn.com/747928648/files/doc_financials/2024/q4/65345cb2-3baf-42fd-ad88-968e29a7264a.pdf,2025-02-14,2025-02-14,Transcribed from USCS selected income statement/statistical tables,USD millions except billed business USD billions and operating ratios/counts
spend_per_basic,2022,19514.0,PUBLIC_ACTUAL,2024 10-K,https://s26.q4cdn.com/747928648/files/doc_financials/2024/q4/65345cb2-3baf-42fd-ad88-968e29a7264a.pdf,2025-02-14,2025-02-14,Transcribed from USCS selected income statement/statistical tables,USD millions except billed business USD billions and operating ratios/counts
loans_receivables,2022,86.923,PUBLIC_ACTUAL,2024 10-K,https://s26.q4cdn.com/747928648/files/doc_financials/2024/q4/65345cb2-3baf-42fd-ad88-968e29a7264a.pdf,2025-02-14,2025-02-14,Transcribed from USCS selected income statement/statistical tables,USD millions except billed business USD billions and operating ratios/counts
nco_rate,2022,0.01,PUBLIC_ACTUAL,2024 10-K,https://s26.q4cdn.com/747928648/files/doc_financials/2024/q4/65345cb2-3baf-42fd-ad88-968e29a7264a.pdf,2025-02-14,2025-02-14,Transcribed from USCS selected income statement/statistical tables,USD millions except billed business USD billions and operating ratios/counts
delinquency,2022,0.011,PUBLIC_ACTUAL,2024 10-K,https://s26.q4cdn.com/747928648/files/doc_financials/2024/q4/65345cb2-3baf-42fd-ad88-968e29a7264a.pdf,2025-02-14,2025-02-14,Transcribed from USCS selected income statement/statistical tables,USD millions except billed business USD billions and operating ratios/counts
non_interest_revenue,2023,18464.0,PUBLIC_ACTUAL,2024 10-K,https://s26.q4cdn.com/747928648/files/doc_financials/2024/q4/65345cb2-3baf-42fd-ad88-968e29a7264a.pdf,2025-02-14,2025-02-14,Transcribed from USCS selected income statement/statistical tables,USD millions except billed business USD billions and operating ratios/counts
net_interest_income,2023,9652.0,PUBLIC_ACTUAL,2024 10-K,https://s26.q4cdn.com/747928648/files/doc_financials/2024/q4/65345cb2-3baf-42fd-ad88-968e29a7264a.pdf,2025-02-14,2025-02-14,Transcribed from USCS selected income statement/statistical tables,USD millions except billed business USD billions and operating ratios/counts
total_revenue,2023,28116.0,PUBLIC_ACTUAL,2024 10-K,https://s26.q4cdn.com/747928648/files/doc_financials/2024/q4/65345cb2-3baf-42fd-ad88-968e29a7264a.pdf,2025-02-14,2025-02-14,Transcribed from USCS selected income statement/statistical tables,USD millions except billed business USD billions and operating ratios/counts
provision,2023,2855.0,PUBLIC_ACTUAL,2024 10-K,https://s26.q4cdn.com/747928648/files/doc_financials/2024/q4/65345cb2-3baf-42fd-ad88-968e29a7264a.pdf,2025-02-14,2025-02-14,Transcribed from USCS selected income statement/statistical tables,USD millions except billed business USD billions and operating ratios/counts
rewards_services,2023,12808.0,PUBLIC_ACTUAL,2024 10-K,https://s26.q4cdn.com/747928648/files/doc_financials/2024/q4/65345cb2-3baf-42fd-ad88-968e29a7264a.pdf,2025-02-14,2025-02-14,Transcribed from USCS selected income statement/statistical tables,USD millions except billed business USD billions and operating ratios/counts
marketing,2023,2585.0,PUBLIC_ACTUAL,2024 10-K,https://s26.q4cdn.com/747928648/files/doc_financials/2024/q4/65345cb2-3baf-42fd-ad88-968e29a7264a.pdf,2025-02-14,2025-02-14,Transcribed from USCS selected income statement/statistical tables,USD millions except billed business USD billions and operating ratios/counts
salaries_other,2023,4435.0,PUBLIC_ACTUAL,2024 10-K,https://s26.q4cdn.com/747928648/files/doc_financials/2024/q4/65345cb2-3baf-42fd-ad88-968e29a7264a.pdf,2025-02-14,2025-02-14,Transcribed from USCS selected income statement/statistical tables,USD millions except billed business USD billions and operating ratios/counts
total_expenses,2023,19828.0,PUBLIC_ACTUAL,2024 10-K,https://s26.q4cdn.com/747928648/files/doc_financials/2024/q4/65345cb2-3baf-42fd-ad88-968e29a7264a.pdf,2025-02-14,2025-02-14,Transcribed from USCS selected income statement/statistical tables,USD millions except billed business USD billions and operating ratios/counts
pretax_income,2023,5433.0,PUBLIC_ACTUAL,2024 10-K,https://s26.q4cdn.com/747928648/files/doc_financials/2024/q4/65345cb2-3baf-42fd-ad88-968e29a7264a.pdf,2025-02-14,2025-02-14,Transcribed from USCS selected income statement/statistical tables,USD millions except billed business USD billions and operating ratios/counts
billed_business,2023,610.8,PUBLIC_ACTUAL,2024 10-K,https://s26.q4cdn.com/747928648/files/doc_financials/2024/q4/65345cb2-3baf-42fd-ad88-968e29a7264a.pdf,2025-02-14,2025-02-14,Transcribed from USCS selected income statement/statistical tables,USD millions except billed business USD billions and operating ratios/counts
cards_in_force,2023,43.8,PUBLIC_ACTUAL,2024 10-K,https://s26.q4cdn.com/747928648/files/doc_financials/2024/q4/65345cb2-3baf-42fd-ad88-968e29a7264a.pdf,2025-02-14,2025-02-14,Transcribed from USCS selected income statement/statistical tables,USD millions except billed business USD billions and operating ratios/counts
basic_cards,2023,30.7,PUBLIC_ACTUAL,2024 10-K,https://s26.q4cdn.com/747928648/files/doc_financials/2024/q4/65345cb2-3baf-42fd-ad88-968e29a7264a.pdf,2025-02-14,2025-02-14,Transcribed from USCS selected income statement/statistical tables,USD millions except billed business USD billions and operating ratios/counts
spend_per_basic,2023,20303.0,PUBLIC_ACTUAL,2024 10-K,https://s26.q4cdn.com/747928648/files/doc_financials/2024/q4/65345cb2-3baf-42fd-ad88-968e29a7264a.pdf,2025-02-14,2025-02-14,Transcribed from USCS selected income statement/statistical tables,USD millions except billed business USD billions and operating ratios/counts
loans_receivables,2023,97.996,PUBLIC_ACTUAL,2024 10-K,https://s26.q4cdn.com/747928648/files/doc_financials/2024/q4/65345cb2-3baf-42fd-ad88-968e29a7264a.pdf,2025-02-14,2025-02-14,Transcribed from USCS selected income statement/statistical tables,USD millions except billed business USD billions and operating ratios/counts
nco_rate,2023,0.02,PUBLIC_ACTUAL,2024 10-K,https://s26.q4cdn.com/747928648/files/doc_financials/2024/q4/65345cb2-3baf-42fd-ad88-968e29a7264a.pdf,2025-02-14,2025-02-14,Transcribed from USCS selected income statement/statistical tables,USD millions except billed business USD billions and operating ratios/counts
delinquency,2023,0.013,PUBLIC_ACTUAL,2024 10-K,https://s26.q4cdn.com/747928648/files/doc_financials/2024/q4/65345cb2-3baf-42fd-ad88-968e29a7264a.pdf,2025-02-14,2025-02-14,Transcribed from USCS selected income statement/statistical tables,USD millions except billed business USD billions and operating ratios/counts
non_interest_revenue,2024,20137.0,PUBLIC_ACTUAL,2024 10-K,https://s26.q4cdn.com/747928648/files/doc_financials/2024/q4/65345cb2-3baf-42fd-ad88-968e29a7264a.pdf,2025-02-14,2025-02-14,Transcribed from USCS selected income statement/statistical tables,USD millions except billed business USD billions and operating ratios/counts
net_interest_income,2024,11290.0,PUBLIC_ACTUAL,2024 10-K,https://s26.q4cdn.com/747928648/files/doc_financials/2024/q4/65345cb2-3baf-42fd-ad88-968e29a7264a.pdf,2025-02-14,2025-02-14,Transcribed from USCS selected income statement/statistical tables,USD millions except billed business USD billions and operating ratios/counts
total_revenue,2024,31427.0,PUBLIC_ACTUAL,2024 10-K,https://s26.q4cdn.com/747928648/files/doc_financials/2024/q4/65345cb2-3baf-42fd-ad88-968e29a7264a.pdf,2025-02-14,2025-02-14,Transcribed from USCS selected income statement/statistical tables,USD millions except billed business USD billions and operating ratios/counts
provision,2024,3029.0,PUBLIC_ACTUAL,2024 10-K,https://s26.q4cdn.com/747928648/files/doc_financials/2024/q4/65345cb2-3baf-42fd-ad88-968e29a7264a.pdf,2025-02-14,2025-02-14,Transcribed from USCS selected income statement/statistical tables,USD millions except billed business USD billions and operating ratios/counts
rewards_services,2024,14329.0,PUBLIC_ACTUAL,2024 10-K,https://s26.q4cdn.com/747928648/files/doc_financials/2024/q4/65345cb2-3baf-42fd-ad88-968e29a7264a.pdf,2025-02-14,2025-02-14,Transcribed from USCS selected income statement/statistical tables,USD millions except billed business USD billions and operating ratios/counts
marketing,2024,3051.0,PUBLIC_ACTUAL,2024 10-K,https://s26.q4cdn.com/747928648/files/doc_financials/2024/q4/65345cb2-3baf-42fd-ad88-968e29a7264a.pdf,2025-02-14,2025-02-14,Transcribed from USCS selected income statement/statistical tables,USD millions except billed business USD billions and operating ratios/counts
salaries_other,2024,4641.0,PUBLIC_ACTUAL,2024 10-K,https://s26.q4cdn.com/747928648/files/doc_financials/2024/q4/65345cb2-3baf-42fd-ad88-968e29a7264a.pdf,2025-02-14,2025-02-14,Transcribed from USCS selected income statement/statistical tables,USD millions except billed business USD billions and operating ratios/counts
total_expenses,2024,22021.0,PUBLIC_ACTUAL,2024 10-K,https://s26.q4cdn.com/747928648/files/doc_financials/2024/q4/65345cb2-3baf-42fd-ad88-968e29a7264a.pdf,2025-02-14,2025-02-14,Transcribed from USCS selected income statement/statistical tables,USD millions except billed business USD billions and operating ratios/counts
pretax_income,2024,6377.0,PUBLIC_ACTUAL,2024 10-K,https://s26.q4cdn.com/747928648/files/doc_financials/2024/q4/65345cb2-3baf-42fd-ad88-968e29a7264a.pdf,2025-02-14,2025-02-14,Transcribed from USCS selected income statement/statistical tables,USD millions except billed business USD billions and operating ratios/counts
billed_business,2024,654.8,PUBLIC_ACTUAL,2024 10-K,https://s26.q4cdn.com/747928648/files/doc_financials/2024/q4/65345cb2-3baf-42fd-ad88-968e29a7264a.pdf,2025-02-14,2025-02-14,Transcribed from USCS selected income statement/statistical tables,USD millions except billed business USD billions and operating ratios/counts
cards_in_force,2024,46.3,PUBLIC_ACTUAL,2024 10-K,https://s26.q4cdn.com/747928648/files/doc_financials/2024/q4/65345cb2-3baf-42fd-ad88-968e29a7264a.pdf,2025-02-14,2025-02-14,Transcribed from USCS selected income statement/statistical tables,USD millions except billed business USD billions and operating ratios/counts
basic_cards,2024,32.5,PUBLIC_ACTUAL,2024 10-K,https://s26.q4cdn.com/747928648/files/doc_financials/2024/q4/65345cb2-3baf-42fd-ad88-968e29a7264a.pdf,2025-02-14,2025-02-14,Transcribed from USCS selected income statement/statistical tables,USD millions except billed business USD billions and operating ratios/counts
spend_per_basic,2024,20707.0,PUBLIC_ACTUAL,2024 10-K,https://s26.q4cdn.com/747928648/files/doc_financials/2024/q4/65345cb2-3baf-42fd-ad88-968e29a7264a.pdf,2025-02-14,2025-02-14,Transcribed from USCS selected income statement/statistical tables,USD millions except billed business USD billions and operating ratios/counts
loans_receivables,2024,107.051,PUBLIC_ACTUAL,2024 10-K,https://s26.q4cdn.com/747928648/files/doc_financials/2024/q4/65345cb2-3baf-42fd-ad88-968e29a7264a.pdf,2025-02-14,2025-02-14,Transcribed from USCS selected income statement/statistical tables,USD millions except billed business USD billions and operating ratios/counts
nco_rate,2024,0.025,PUBLIC_ACTUAL,2024 10-K,https://s26.q4cdn.com/747928648/files/doc_financials/2024/q4/65345cb2-3baf-42fd-ad88-968e29a7264a.pdf,2025-02-14,2025-02-14,Transcribed from USCS selected income statement/statistical tables,USD millions except billed business USD billions and operating ratios/counts
delinquency,2024,0.013,PUBLIC_ACTUAL,2024 10-K,https://s26.q4cdn.com/747928648/files/doc_financials/2024/q4/65345cb2-3baf-42fd-ad88-968e29a7264a.pdf,2025-02-14,2025-02-14,Transcribed from USCS selected income statement/statistical tables,USD millions except billed business USD billions and operating ratios/counts
non_interest_revenue,2025,22307.0,PUBLIC_ACTUAL,2025 10-K,https://d18rn0p25nwr6d.cloudfront.net/CIK-0000004962/0adef908-f8b7-4f66-b1cf-7d92a2b68ccb.pdf,2026-02-13,2026-02-13,Transcribed from USCS selected income statement/statistical tables,USD millions except billed business USD billions and operating ratios/counts
net_interest_income,2025,12507.0,PUBLIC_ACTUAL,2025 10-K,https://d18rn0p25nwr6d.cloudfront.net/CIK-0000004962/0adef908-f8b7-4f66-b1cf-7d92a2b68ccb.pdf,2026-02-13,2026-02-13,Transcribed from USCS selected income statement/statistical tables,USD millions except billed business USD billions and operating ratios/counts
total_revenue,2025,34814.0,PUBLIC_ACTUAL,2025 10-K,https://d18rn0p25nwr6d.cloudfront.net/CIK-0000004962/0adef908-f8b7-4f66-b1cf-7d92a2b68ccb.pdf,2026-02-13,2026-02-13,Transcribed from USCS selected income statement/statistical tables,USD millions except billed business USD billions and operating ratios/counts
provision,2025,2967.0,PUBLIC_ACTUAL,2025 10-K,https://d18rn0p25nwr6d.cloudfront.net/CIK-0000004962/0adef908-f8b7-4f66-b1cf-7d92a2b68ccb.pdf,2026-02-13,2026-02-13,Transcribed from USCS selected income statement/statistical tables,USD millions except billed business USD billions and operating ratios/counts
rewards_services,2025,16557.0,PUBLIC_ACTUAL,2025 10-K,https://d18rn0p25nwr6d.cloudfront.net/CIK-0000004962/0adef908-f8b7-4f66-b1cf-7d92a2b68ccb.pdf,2026-02-13,2026-02-13,Transcribed from USCS selected income statement/statistical tables,USD millions except billed business USD billions and operating ratios/counts
marketing,2025,3187.0,PUBLIC_ACTUAL,2025 10-K,https://d18rn0p25nwr6d.cloudfront.net/CIK-0000004962/0adef908-f8b7-4f66-b1cf-7d92a2b68ccb.pdf,2026-02-13,2026-02-13,Transcribed from USCS selected income statement/statistical tables,USD millions except billed business USD billions and operating ratios/counts
salaries_other,2025,5293.0,PUBLIC_ACTUAL,2025 10-K,https://d18rn0p25nwr6d.cloudfront.net/CIK-0000004962/0adef908-f8b7-4f66-b1cf-7d92a2b68ccb.pdf,2026-02-13,2026-02-13,Transcribed from USCS selected income statement/statistical tables,USD millions except billed business USD billions and operating ratios/counts
total_expenses,2025,25037.0,PUBLIC_ACTUAL,2025 10-K,https://d18rn0p25nwr6d.cloudfront.net/CIK-0000004962/0adef908-f8b7-4f66-b1cf-7d92a2b68ccb.pdf,2026-02-13,2026-02-13,Transcribed from USCS selected income statement/statistical tables,USD millions except billed business USD billions and operating ratios/counts
pretax_income,2025,6810.0,PUBLIC_ACTUAL,2025 10-K,https://d18rn0p25nwr6d.cloudfront.net/CIK-0000004962/0adef908-f8b7-4f66-b1cf-7d92a2b68ccb.pdf,2026-02-13,2026-02-13,Transcribed from USCS selected income statement/statistical tables,USD millions except billed business USD billions and operating ratios/counts
billed_business,2025,707.5,PUBLIC_ACTUAL,2025 10-K,https://d18rn0p25nwr6d.cloudfront.net/CIK-0000004962/0adef908-f8b7-4f66-b1cf-7d92a2b68ccb.pdf,2026-02-13,2026-02-13,Transcribed from USCS selected income statement/statistical tables,USD millions except billed business USD billions and operating ratios/counts
cards_in_force,2025,48.3,PUBLIC_ACTUAL,2025 10-K,https://d18rn0p25nwr6d.cloudfront.net/CIK-0000004962/0adef908-f8b7-4f66-b1cf-7d92a2b68ccb.pdf,2026-02-13,2026-02-13,Transcribed from USCS selected income statement/statistical tables,USD millions except billed business USD billions and operating ratios/counts
basic_cards,2025,34.1,PUBLIC_ACTUAL,2025 10-K,https://d18rn0p25nwr6d.cloudfront.net/CIK-0000004962/0adef908-f8b7-4f66-b1cf-7d92a2b68ccb.pdf,2026-02-13,2026-02-13,Transcribed from USCS selected income statement/statistical tables,USD millions except billed business USD billions and operating ratios/counts
spend_per_basic,2025,21215.0,PUBLIC_ACTUAL,2025 10-K,https://d18rn0p25nwr6d.cloudfront.net/CIK-0000004962/0adef908-f8b7-4f66-b1cf-7d92a2b68ccb.pdf,2026-02-13,2026-02-13,Transcribed from USCS selected income statement/statistical tables,USD millions except billed business USD billions and operating ratios/counts
loans_receivables,2025,114.368,PUBLIC_ACTUAL,2025 10-K,https://d18rn0p25nwr6d.cloudfront.net/CIK-0000004962/0adef908-f8b7-4f66-b1cf-7d92a2b68ccb.pdf,2026-02-13,2026-02-13,Transcribed from USCS selected income statement/statistical tables,USD millions except billed business USD billions and operating ratios/counts
nco_rate,2025,0.025,PUBLIC_ACTUAL,2025 10-K,https://d18rn0p25nwr6d.cloudfront.net/CIK-0000004962/0adef908-f8b7-4f66-b1cf-7d92a2b68ccb.pdf,2026-02-13,2026-02-13,Transcribed from USCS selected income statement/statistical tables,USD millions except billed business USD billions and operating ratios/counts
delinquency,2025,0.013,PUBLIC_ACTUAL,2025 10-K,https://d18rn0p25nwr6d.cloudfront.net/CIK-0000004962/0adef908-f8b7-4f66-b1cf-7d92a2b68ccb.pdf,2026-02-13,2026-02-13,Transcribed from USCS selected income statement/statistical tables,USD millions except billed business USD billions and operating ratios/counts
total_revenue,2025Q1,8249,PUBLIC_ACTUAL,Q4 2025 earnings tables,https://s26.q4cdn.com/747928648/files/doc_earnings/2025/q4/supplemental-info/Q4-2025-Earnings-Tables.pdf,2026-01-30,2026-01-30,Direct transcription from USCS quarterly table,Public quarterly actual
provision,2025Q1,631,PUBLIC_ACTUAL,Q4 2025 earnings tables,https://s26.q4cdn.com/747928648/files/doc_earnings/2025/q4/supplemental-info/Q4-2025-Earnings-Tables.pdf,2026-01-30,2026-01-30,Direct transcription from USCS quarterly table,Public quarterly actual
rewards_services,2025Q1,3882,PUBLIC_ACTUAL,Q4 2025 earnings tables,https://s26.q4cdn.com/747928648/files/doc_earnings/2025/q4/supplemental-info/Q4-2025-Earnings-Tables.pdf,2026-01-30,2026-01-30,Direct transcription from USCS quarterly table,Public quarterly actual
marketing,2025Q1,765,PUBLIC_ACTUAL,Q4 2025 earnings tables,https://s26.q4cdn.com/747928648/files/doc_earnings/2025/q4/supplemental-info/Q4-2025-Earnings-Tables.pdf,2026-01-30,2026-01-30,Direct transcription from USCS quarterly table,Public quarterly actual
salaries_other,2025Q1,1239,PUBLIC_ACTUAL,Q4 2025 earnings tables,https://s26.q4cdn.com/747928648/files/doc_earnings/2025/q4/supplemental-info/Q4-2025-Earnings-Tables.pdf,2026-01-30,2026-01-30,Direct transcription from USCS quarterly table,Public quarterly actual
pretax_income,2025Q1,1732,PUBLIC_ACTUAL,Q4 2025 earnings tables,https://s26.q4cdn.com/747928648/files/doc_earnings/2025/q4/supplemental-info/Q4-2025-Earnings-Tables.pdf,2026-01-30,2026-01-30,Direct transcription from USCS quarterly table,Public quarterly actual
billed_business,2025Q1,164.3,PUBLIC_ACTUAL,Q4 2025 earnings tables,https://s26.q4cdn.com/747928648/files/doc_earnings/2025/q4/supplemental-info/Q4-2025-Earnings-Tables.pdf,2026-01-30,2026-01-30,Direct transcription from USCS quarterly table,Public quarterly actual
card_balances,2025Q1,102.896,PUBLIC_ACTUAL,Q4 2025 earnings tables,https://s26.q4cdn.com/747928648/files/doc_earnings/2025/q4/supplemental-info/Q4-2025-Earnings-Tables.pdf,2026-01-30,2026-01-30,Direct transcription from USCS quarterly table,Public quarterly actual
nco_rate,2025Q1,0.027,PUBLIC_ACTUAL,Q4 2025 earnings tables,https://s26.q4cdn.com/747928648/files/doc_earnings/2025/q4/supplemental-info/Q4-2025-Earnings-Tables.pdf,2026-01-30,2026-01-30,Direct transcription from USCS quarterly table,Public quarterly actual
delinquency,2025Q1,0.013,PUBLIC_ACTUAL,Q4 2025 earnings tables,https://s26.q4cdn.com/747928648/files/doc_earnings/2025/q4/supplemental-info/Q4-2025-Earnings-Tables.pdf,2026-01-30,2026-01-30,Direct transcription from USCS quarterly table,Public quarterly actual
total_revenue,2025Q2,8553,PUBLIC_ACTUAL,Q4 2025 earnings tables,https://s26.q4cdn.com/747928648/files/doc_earnings/2025/q4/supplemental-info/Q4-2025-Earnings-Tables.pdf,2026-01-30,2026-01-30,Direct transcription from USCS quarterly table,Public quarterly actual
provision,2025Q2,829,PUBLIC_ACTUAL,Q4 2025 earnings tables,https://s26.q4cdn.com/747928648/files/doc_earnings/2025/q4/supplemental-info/Q4-2025-Earnings-Tables.pdf,2026-01-30,2026-01-30,Direct transcription from USCS quarterly table,Public quarterly actual
rewards_services,2025Q2,3967,PUBLIC_ACTUAL,Q4 2025 earnings tables,https://s26.q4cdn.com/747928648/files/doc_earnings/2025/q4/supplemental-info/Q4-2025-Earnings-Tables.pdf,2026-01-30,2026-01-30,Direct transcription from USCS quarterly table,Public quarterly actual
marketing,2025Q2,800,PUBLIC_ACTUAL,Q4 2025 earnings tables,https://s26.q4cdn.com/747928648/files/doc_earnings/2025/q4/supplemental-info/Q4-2025-Earnings-Tables.pdf,2026-01-30,2026-01-30,Direct transcription from USCS quarterly table,Public quarterly actual
salaries_other,2025Q2,1281,PUBLIC_ACTUAL,Q4 2025 earnings tables,https://s26.q4cdn.com/747928648/files/doc_earnings/2025/q4/supplemental-info/Q4-2025-Earnings-Tables.pdf,2026-01-30,2026-01-30,Direct transcription from USCS quarterly table,Public quarterly actual
pretax_income,2025Q2,1676,PUBLIC_ACTUAL,Q4 2025 earnings tables,https://s26.q4cdn.com/747928648/files/doc_earnings/2025/q4/supplemental-info/Q4-2025-Earnings-Tables.pdf,2026-01-30,2026-01-30,Direct transcription from USCS quarterly table,Public quarterly actual
billed_business,2025Q2,176.5,PUBLIC_ACTUAL,Q4 2025 earnings tables,https://s26.q4cdn.com/747928648/files/doc_earnings/2025/q4/supplemental-info/Q4-2025-Earnings-Tables.pdf,2026-01-30,2026-01-30,Direct transcription from USCS quarterly table,Public quarterly actual
card_balances,2025Q2,105.784,PUBLIC_ACTUAL,Q4 2025 earnings tables,https://s26.q4cdn.com/747928648/files/doc_earnings/2025/q4/supplemental-info/Q4-2025-Earnings-Tables.pdf,2026-01-30,2026-01-30,Direct transcription from USCS quarterly table,Public quarterly actual
nco_rate,2025Q2,0.024,PUBLIC_ACTUAL,Q4 2025 earnings tables,https://s26.q4cdn.com/747928648/files/doc_earnings/2025/q4/supplemental-info/Q4-2025-Earnings-Tables.pdf,2026-01-30,2026-01-30,Direct transcription from USCS quarterly table,Public quarterly actual
delinquency,2025Q2,0.012,PUBLIC_ACTUAL,Q4 2025 earnings tables,https://s26.q4cdn.com/747928648/files/doc_earnings/2025/q4/supplemental-info/Q4-2025-Earnings-Tables.pdf,2026-01-30,2026-01-30,Direct transcription from USCS quarterly table,Public quarterly actual
total_revenue,2025Q3,8856,PUBLIC_ACTUAL,Q4 2025 earnings tables,https://s26.q4cdn.com/747928648/files/doc_earnings/2025/q4/supplemental-info/Q4-2025-Earnings-Tables.pdf,2026-01-30,2026-01-30,Direct transcription from USCS quarterly table,Public quarterly actual
provision,2025Q3,734,PUBLIC_ACTUAL,Q4 2025 earnings tables,https://s26.q4cdn.com/747928648/files/doc_earnings/2025/q4/supplemental-info/Q4-2025-Earnings-Tables.pdf,2026-01-30,2026-01-30,Direct transcription from USCS quarterly table,Public quarterly actual
rewards_services,2025Q3,4145,PUBLIC_ACTUAL,Q4 2025 earnings tables,https://s26.q4cdn.com/747928648/files/doc_earnings/2025/q4/supplemental-info/Q4-2025-Earnings-Tables.pdf,2026-01-30,2026-01-30,Direct transcription from USCS quarterly table,Public quarterly actual
marketing,2025Q3,825,PUBLIC_ACTUAL,Q4 2025 earnings tables,https://s26.q4cdn.com/747928648/files/doc_earnings/2025/q4/supplemental-info/Q4-2025-Earnings-Tables.pdf,2026-01-30,2026-01-30,Direct transcription from USCS quarterly table,Public quarterly actual
salaries_other,2025Q3,1300,PUBLIC_ACTUAL,Q4 2025 earnings tables,https://s26.q4cdn.com/747928648/files/doc_earnings/2025/q4/supplemental-info/Q4-2025-Earnings-Tables.pdf,2026-01-30,2026-01-30,Direct transcription from USCS quarterly table,Public quarterly actual
pretax_income,2025Q3,1852,PUBLIC_ACTUAL,Q4 2025 earnings tables,https://s26.q4cdn.com/747928648/files/doc_earnings/2025/q4/supplemental-info/Q4-2025-Earnings-Tables.pdf,2026-01-30,2026-01-30,Direct transcription from USCS quarterly table,Public quarterly actual
billed_business,2025Q3,177.5,PUBLIC_ACTUAL,Q4 2025 earnings tables,https://s26.q4cdn.com/747928648/files/doc_earnings/2025/q4/supplemental-info/Q4-2025-Earnings-Tables.pdf,2026-01-30,2026-01-30,Direct transcription from USCS quarterly table,Public quarterly actual
card_balances,2025Q3,106.969,PUBLIC_ACTUAL,Q4 2025 earnings tables,https://s26.q4cdn.com/747928648/files/doc_earnings/2025/q4/supplemental-info/Q4-2025-Earnings-Tables.pdf,2026-01-30,2026-01-30,Direct transcription from USCS quarterly table,Public quarterly actual
nco_rate,2025Q3,0.023,PUBLIC_ACTUAL,Q4 2025 earnings tables,https://s26.q4cdn.com/747928648/files/doc_earnings/2025/q4/supplemental-info/Q4-2025-Earnings-Tables.pdf,2026-01-30,2026-01-30,Direct transcription from USCS quarterly table,Public quarterly actual
delinquency,2025Q3,0.013,PUBLIC_ACTUAL,Q4 2025 earnings tables,https://s26.q4cdn.com/747928648/files/doc_earnings/2025/q4/supplemental-info/Q4-2025-Earnings-Tables.pdf,2026-01-30,2026-01-30,Direct transcription from USCS quarterly table,Public quarterly actual
total_revenue,2025Q4,9156,PUBLIC_ACTUAL,Q4 2025 earnings tables,https://s26.q4cdn.com/747928648/files/doc_earnings/2025/q4/supplemental-info/Q4-2025-Earnings-Tables.pdf,2026-01-30,2026-01-30,Direct transcription from USCS quarterly table,Public quarterly actual
provision,2025Q4,773,PUBLIC_ACTUAL,Q4 2025 earnings tables,https://s26.q4cdn.com/747928648/files/doc_earnings/2025/q4/supplemental-info/Q4-2025-Earnings-Tables.pdf,2026-01-30,2026-01-30,Direct transcription from USCS quarterly table,Public quarterly actual
rewards_services,2025Q4,4563,PUBLIC_ACTUAL,Q4 2025 earnings tables,https://s26.q4cdn.com/747928648/files/doc_earnings/2025/q4/supplemental-info/Q4-2025-Earnings-Tables.pdf,2026-01-30,2026-01-30,Direct transcription from USCS quarterly table,Public quarterly actual
marketing,2025Q4,797,PUBLIC_ACTUAL,Q4 2025 earnings tables,https://s26.q4cdn.com/747928648/files/doc_earnings/2025/q4/supplemental-info/Q4-2025-Earnings-Tables.pdf,2026-01-30,2026-01-30,Direct transcription from USCS quarterly table,Public quarterly actual
salaries_other,2025Q4,1473,PUBLIC_ACTUAL,Q4 2025 earnings tables,https://s26.q4cdn.com/747928648/files/doc_earnings/2025/q4/supplemental-info/Q4-2025-Earnings-Tables.pdf,2026-01-30,2026-01-30,Direct transcription from USCS quarterly table,Public quarterly actual
pretax_income,2025Q4,1550,PUBLIC_ACTUAL,Q4 2025 earnings tables,https://s26.q4cdn.com/747928648/files/doc_earnings/2025/q4/supplemental-info/Q4-2025-Earnings-Tables.pdf,2026-01-30,2026-01-30,Direct transcription from USCS quarterly table,Public quarterly actual
billed_business,2025Q4,189.2,PUBLIC_ACTUAL,Q4 2025 earnings tables,https://s26.q4cdn.com/747928648/files/doc_earnings/2025/q4/supplemental-info/Q4-2025-Earnings-Tables.pdf,2026-01-30,2026-01-30,Direct transcription from USCS quarterly table,Public quarterly actual
card_balances,2025Q4,114.368,PUBLIC_ACTUAL,Q4 2025 earnings tables,https://s26.q4cdn.com/747928648/files/doc_earnings/2025/q4/supplemental-info/Q4-2025-Earnings-Tables.pdf,2026-01-30,2026-01-30,Direct transcription from USCS quarterly table,Public quarterly actual
nco_rate,2025Q4,0.026,PUBLIC_ACTUAL,Q4 2025 earnings tables,https://s26.q4cdn.com/747928648/files/doc_earnings/2025/q4/supplemental-info/Q4-2025-Earnings-Tables.pdf,2026-01-30,2026-01-30,Direct transcription from USCS quarterly table,Public quarterly actual
delinquency,2025Q4,0.013,PUBLIC_ACTUAL,Q4 2025 earnings tables,https://s26.q4cdn.com/747928648/files/doc_earnings/2025/q4/supplemental-info/Q4-2025-Earnings-Tables.pdf,2026-01-30,2026-01-30,Direct transcription from USCS quarterly table,Public quarterly actual
total_revenue,2026Q1,9123,PUBLIC_ACTUAL,Q1 2026 earnings tables,https://s26.q4cdn.com/747928648/files/doc_earnings/2026/q1/supplemental-info/Q1-2026-Earnings-Tables.pdf,2026-04-17,2026-04-17,Direct transcription from USCS quarterly table,Public quarterly actual
provision,2026Q1,631,PUBLIC_ACTUAL,Q1 2026 earnings tables,https://s26.q4cdn.com/747928648/files/doc_earnings/2026/q1/supplemental-info/Q1-2026-Earnings-Tables.pdf,2026-04-17,2026-04-17,Direct transcription from USCS quarterly table,Public quarterly actual
rewards_services,2026Q1,4605,PUBLIC_ACTUAL,Q1 2026 earnings tables,https://s26.q4cdn.com/747928648/files/doc_earnings/2026/q1/supplemental-info/Q1-2026-Earnings-Tables.pdf,2026-04-17,2026-04-17,Direct transcription from USCS quarterly table,Public quarterly actual
marketing,2026Q1,764,PUBLIC_ACTUAL,Q1 2026 earnings tables,https://s26.q4cdn.com/747928648/files/doc_earnings/2026/q1/supplemental-info/Q1-2026-Earnings-Tables.pdf,2026-04-17,2026-04-17,Direct transcription from USCS quarterly table,Public quarterly actual
salaries_other,2026Q1,1367,PUBLIC_ACTUAL,Q1 2026 earnings tables,https://s26.q4cdn.com/747928648/files/doc_earnings/2026/q1/supplemental-info/Q1-2026-Earnings-Tables.pdf,2026-04-17,2026-04-17,Direct transcription from USCS quarterly table,Public quarterly actual
pretax_income,2026Q1,1757,PUBLIC_ACTUAL,Q1 2026 earnings tables,https://s26.q4cdn.com/747928648/files/doc_earnings/2026/q1/supplemental-info/Q1-2026-Earnings-Tables.pdf,2026-04-17,2026-04-17,Direct transcription from USCS quarterly table,Public quarterly actual
billed_business,2026Q1,180.2,PUBLIC_ACTUAL,Q1 2026 earnings tables,https://s26.q4cdn.com/747928648/files/doc_earnings/2026/q1/supplemental-info/Q1-2026-Earnings-Tables.pdf,2026-04-17,2026-04-17,Direct transcription from USCS quarterly table,Public quarterly actual
card_balances,2026Q1,110.849,PUBLIC_ACTUAL,Q1 2026 earnings tables,https://s26.q4cdn.com/747928648/files/doc_earnings/2026/q1/supplemental-info/Q1-2026-Earnings-Tables.pdf,2026-04-17,2026-04-17,Direct transcription from USCS quarterly table,Public quarterly actual
nco_rate,2026Q1,0.024,PUBLIC_ACTUAL,Q1 2026 earnings tables,https://s26.q4cdn.com/747928648/files/doc_earnings/2026/q1/supplemental-info/Q1-2026-Earnings-Tables.pdf,2026-04-17,2026-04-17,Direct transcription from USCS quarterly table,Public quarterly actual
delinquency,2026Q1,0.013,PUBLIC_ACTUAL,Q1 2026 earnings tables,https://s26.q4cdn.com/747928648/files/doc_earnings/2026/q1/supplemental-info/Q1-2026-Earnings-Tables.pdf,2026-04-17,2026-04-17,Direct transcription from USCS quarterly table,Public quarterly actual
total_revenue,2026Q2,9524,PUBLIC_ACTUAL,Q2 2026 earnings tables,https://s26.q4cdn.com/747928648/files/doc_earnings/2026/q2/supplemental-info/Q2-2026-Earnings-Tables.pdf,2026-07-17,2026-07-17,Direct transcription from USCS quarterly table,Public quarterly actual
provision,2026Q2,498,PUBLIC_ACTUAL,Q2 2026 earnings tables,https://s26.q4cdn.com/747928648/files/doc_earnings/2026/q2/supplemental-info/Q2-2026-Earnings-Tables.pdf,2026-07-17,2026-07-17,Direct transcription from USCS quarterly table,Public quarterly actual
rewards_services,2026Q2,4745,PUBLIC_ACTUAL,Q2 2026 earnings tables,https://s26.q4cdn.com/747928648/files/doc_earnings/2026/q2/supplemental-info/Q2-2026-Earnings-Tables.pdf,2026-07-17,2026-07-17,Direct transcription from USCS quarterly table,Public quarterly actual
marketing,2026Q2,813,PUBLIC_ACTUAL,Q2 2026 earnings tables,https://s26.q4cdn.com/747928648/files/doc_earnings/2026/q2/supplemental-info/Q2-2026-Earnings-Tables.pdf,2026-07-17,2026-07-17,Direct transcription from USCS quarterly table,Public quarterly actual
salaries_other,2026Q2,1403,PUBLIC_ACTUAL,Q2 2026 earnings tables,https://s26.q4cdn.com/747928648/files/doc_earnings/2026/q2/supplemental-info/Q2-2026-Earnings-Tables.pdf,2026-07-17,2026-07-17,Direct transcription from USCS quarterly table,Public quarterly actual
pretax_income,2026Q2,2065,PUBLIC_ACTUAL,Q2 2026 earnings tables,https://s26.q4cdn.com/747928648/files/doc_earnings/2026/q2/supplemental-info/Q2-2026-Earnings-Tables.pdf,2026-07-17,2026-07-17,Direct transcription from USCS quarterly table,Public quarterly actual
billed_business,2026Q2,196.4,PUBLIC_ACTUAL,Q2 2026 earnings tables,https://s26.q4cdn.com/747928648/files/doc_earnings/2026/q2/supplemental-info/Q2-2026-Earnings-Tables.pdf,2026-07-17,2026-07-17,Direct transcription from USCS quarterly table,Public quarterly actual
card_balances,2026Q2,113.796,PUBLIC_ACTUAL,Q2 2026 earnings tables,https://s26.q4cdn.com/747928648/files/doc_earnings/2026/q2/supplemental-info/Q2-2026-Earnings-Tables.pdf,2026-07-17,2026-07-17,Direct transcription from USCS quarterly table,Public quarterly actual
nco_rate,2026Q2,0.023,PUBLIC_ACTUAL,Q2 2026 earnings tables,https://s26.q4cdn.com/747928648/files/doc_earnings/2026/q2/supplemental-info/Q2-2026-Earnings-Tables.pdf,2026-07-17,2026-07-17,Direct transcription from USCS quarterly table,Public quarterly actual
delinquency,2026Q2,0.011,PUBLIC_ACTUAL,Q2 2026 earnings tables,https://s26.q4cdn.com/747928648/files/doc_earnings/2026/q2/supplemental-info/Q2-2026-Earnings-Tables.pdf,2026-07-17,2026-07-17,Direct transcription from USCS quarterly table,Public quarterly actual
company_revenue_growth_guidance,FY2025,8%-10%,PUBLIC_GUIDANCE,Q4 2024 earnings presentation,https://s26.q4cdn.com/747928648/files/doc_financials/2024/q4/Q4-2024-Earnings-Presentation.pdf,2025-01-24,2025-01-24,"Used as an anchor, not applied mechanically to USCS",Available at the AOP cutoff
non_interest_revenue,2025 AOP,22050.0,MODEL_OUTPUT,2025 AOP model,,2025-01-24,2025-01-24,FY2024 public actual multiplied by frozen pre-actual planning assumption,Original AOP snapshot. No 2025 actuals used.
net_interest_income,2025 AOP,12419.0,MODEL_OUTPUT,2025 AOP model,,2025-01-24,2025-01-24,FY2024 public actual multiplied by frozen pre-actual planning assumption,Original AOP snapshot. No 2025 actuals used.
total_revenue,2025 AOP,34469.0,MODEL_OUTPUT,2025 AOP model,,2025-01-24,2025-01-24,FY2024 public actual multiplied by frozen pre-actual planning assumption,Original AOP snapshot. No 2025 actuals used.
provision,2025 AOP,3100,MODEL_OUTPUT,2025 AOP model,,2025-01-24,2025-01-24,FY2024 public actual multiplied by frozen pre-actual planning assumption,Original AOP snapshot. No 2025 actuals used.
rewards_services,2025 AOP,15976.8,MODEL_OUTPUT,2025 AOP model,,2025-01-24,2025-01-24,FY2024 public actual multiplied by frozen pre-actual planning assumption,Original AOP snapshot. No 2025 actuals used.
marketing,2025 AOP,3180,MODEL_OUTPUT,2025 AOP model,,2025-01-24,2025-01-24,FY2024 public actual multiplied by frozen pre-actual planning assumption,Original AOP snapshot. No 2025 actuals used.
salaries_other,2025 AOP,5012.3,MODEL_OUTPUT,2025 AOP model,,2025-01-24,2025-01-24,FY2024 public actual multiplied by frozen pre-actual planning assumption,Original AOP snapshot. No 2025 actuals used.
total_expenses,2025 AOP,24169.1,MODEL_OUTPUT,2025 AOP model,,2025-01-24,2025-01-24,FY2024 public actual multiplied by frozen pre-actual planning assumption,Original AOP snapshot. No 2025 actuals used.
pretax_income,2025 AOP,7199.9000000000015,MODEL_OUTPUT,2025 AOP model,,2025-01-24,2025-01-24,FY2024 public actual multiplied by frozen pre-actual planning assumption,Original AOP snapshot. No 2025 actuals used.
billed_business,2025 AOP,710.5,MODEL_OUTPUT,2025 AOP model,,2025-01-24,2025-01-24,FY2024 public actual multiplied by frozen pre-actual planning assumption,Original AOP snapshot. No 2025 actuals used.
